,agent1,agent2,agent3,agent4,agent5,agent6,agent7,agent8,agent9,std,ensemble
dqn(s-raw),19.979652221882247,75.5472163522793,130.8161076057001,4.1819555233737296,-22.40455360083497,-2.9861321031034773,-32.7924498435758,0.0,0.0,48.63234703595011,-16.37781861413914
dueling-dqn(s-raw),-19.979652221882247,75.5472163522793,150.38979938585658,-13.308389621694811,-1.512564760671429,60.47356840885666,-32.7924498435758,-12.388757850857578,-59.82823885959061,61.722698533012405,-16.37781861413914
ppo(s-raw),17.282359643542186,76.61096867676449,141.80488386309716,6.104323820439637,-38.566518311107096,-38.35212057505993,-34.88070677435894,-28.25293740037366,-4.16955216434599,56.8965573586428,0.0
dqn(m-raw),-23.285277680001116,-170.38698944200985,62.87165326546605,-4.1819555233737296,-22.40455360083497,0.0,125.01387487220326,-12.388757850857578,-59.82823885959061,77.10091288144264,-16.37781861413914
dueling-dqn(m-raw),19.979652221882247,-24.84756471895102,-123.73045455889877,-4.1819555233737296,2471.0519661336416,-60.47356840885666,-32.7924498435758,12.388757850857578,-8.051609624015985,768.631186294253,-30.78003613605501
ppo(m-raw),17.77568481330726,75.34437437992958,151.18138703799707,6.799398286837695,-55.96562151655811,-16.897032818000742,-32.725196329554954,-52.16015417784927,-41.62110849774781,64.2954484904399,-16.37781861413914
dqn(a),8.92887210481477,-53.88391797881778,-90.85401031093646,-31.004275057286023,-93.61068373322775,-41.89457223741543,-56.49883244919409,-78.84425476654873,-94.79502556290466,44.980776075740835,-13.02412717433062
dueling-dqn(a),-37.417500447167725,-51.20626262443253,-89.66850543242063,-49.304132982072595,3.5174207010401637,-26.83381398622833,-78.0777392521657,-13.128815059070497,-52.32904341813669,34.853328118695515,-16.37781861413914
ppo(a),-81.4828749545861,-86.16334570481835,-32.82033124888571,-59.90685011283659,-104.32810032719036,-106.16145119660014,-87.17992981657528,-125.69846530707365,-100.6008292546468,27.500964067134227,-2.769126440539665
