,agent1,agent2,agent3,agent4,agent5,agent6,agent7,agent8,agent9,average,ensemble
dqn(s-raw),-16.37781861413914,-16.37781861413914,-16.37781861413914,-16.37781861413914,-16.37781861413914,-16.37781861413914,-17.476430230619737,0.0,0.0,-13.212116051318457,-16.37781861413914
dueling-dqn(s-raw),16.37781861413914,-16.37781861413914,-16.37781861413914,-16.37781861413914,-16.37781861413914,-16.37781861413914,-16.37781861413914,-33.0116703392157,-16.37781861413914,-14.765640054626717,-16.37781861413914
ppo(s-raw),-16.348822663253927,-16.843979648781612,-16.698785423735163,-16.715991699449546,-16.411614408500483,14.157835818809799,-15.88588396235641,5.723784628112563,-3.897555064233383,-8.292101762413813,0.0
dqn(m-raw),16.37781861413914,-33.0116703392157,-16.37781861413914,16.37781861413914,-16.37781861413914,-16.37781861413914,-16.37781861413914,16.37781861413914,-16.37781861413914,-8.214506986195802,-16.37781861413914
dueling-dqn(m-raw),16.37781861413914,16.37781861413914,-16.37781861413914,-28.947517209005063,-30.78003613605501,-16.37781861413914,-16.37781861413914,-16.37781861413914,-16.37781861413914,-13.963976915602698,-30.78003613605501
ppo(m-raw),-16.37781861413914,-18.130106824249097,-16.37781861413914,-17.92350884278651,-8.767382145049382,-3.030199918227951,-2.6817510173208112,5.304789903245243,1.2346874205304852,-9.312102933999823,-16.37781861413914
dqn(a),-16.37781861413914,0.1855698556727497,-11.66055982299666,-15.98425552872427,-18.23055577154041,18.291188421993017,11.21119136165148,-27.212351228630677,-14.44197820740577,-8.720421316847338,-13.02412717433062
dueling-dqn(a),-20.29118782270784,-16.37781861413914,-17.403896540411044,-16.37781861413914,26.297318310098834,-16.37781861413914,-7.843883325635173,-15.972242447618873,-19.645630730543594,-11.993233853733368,-16.37781861413914
ppo(a),-19.120061410504817,-16.60904125713813,-11.460712236275805,-28.509796297098944,-17.547076869023968,-17.674858720959286,-24.38029012935384,-27.002583284394856,-22.919006643677413,-20.58038076093634,-2.769126440539665
