,agent1,agent2,agent3,agent4,agent5,agent6,agent7,agent8,agent9,std,ensemble
dqn(s-raw),20.61041948833015,20.61041948833015,20.61041948833015,20.61041948833015,20.61041948833015,20.61041948833015,0.0,0.0,0.0,9.558293208031786,20.61041948833015
dueling-dqn(s-raw),-20.61041948833015,20.61041948833015,20.61041948833015,20.61041948833015,20.61041948833015,20.61041948833015,20.61041948833015,-110.80275294443946,20.61041948833015,41.61703834577746,20.61041948833015
ppo(s-raw),22.928421601285613,18.79595573924917,17.500154974429236,15.957454471809534,6.695901457517698,-27.95965096135882,41.462030492587864,-17.669967487286613,-12.886715701722517,20.551405381061507,0.0
dqn(m-raw),-20.61041948833015,-110.80275294443946,20.61041948833015,-20.61041948833015,20.61041948833015,20.61041948833015,20.802175891315482,-20.61041948833015,20.61041948833015,42.30115586815214,20.61041948833015
dueling-dqn(m-raw),-20.61041948833015,-20.61041948833015,20.61041948833015,-105.84898548021005,-23.247504444663207,20.61041948833015,21.074730079630005,20.61041948833015,20.61041948833015,40.90417682941075,-23.247504444663207
ppo(m-raw),20.61041948833015,19.452706912279815,22.2195379464797,18.89760700621375,12.927008617550214,-13.986435674756107,19.36041487816849,4.808886407533287,-30.716051442749446,17.177487396666912,20.61041948833015
dqn(a),22.60703119918096,-28.78958108283392,-17.548324738993827,0.7559840797928424,-79.07195760118138,-9.471423136524868,-38.77482028934401,-34.017799925344114,-56.10318996260348,35.77103276607181,26.126653681934446
dueling-dqn(a),-5.800883235495011,20.61041948833015,-3.9738954685973793,20.61041948833015,-42.10382931128527,20.61041948833015,-37.94133025100137,-24.406751021973218,-25.743641521863346,26.00830766863432,20.61041948833015
ppo(a),-29.173859035051976,-43.13578127433589,-24.99373832733875,-57.27450949222174,-23.030534121165143,4.795138958447259,-50.43344842641451,-12.440700415775806,-32.27993141292701,19.144391372472505,-13.210605588740767
