,agent1,agent2,agent3,agent4,agent5,agent6,agent7,agent8,agent9,average,std,ensemble
dqn(s-raw),0.013020833333333334,0.013027618551328815,0.9274983670803396,0.013078733978550874,0.013020833333333334,30.559184740005225,0.013020833333333334,0.0,0.0,3.6413705263385023,8.46850157434956,0.034722222222222224
dueling-dqn(s-raw),0.013020833333333334,0.013027618551328815,0.013063357282821686,0.013078733978550874,0.0390625,0.013065064018813691,0.013020833333333334,0.013020833333333334,0.013020833333333334,0.017016492359022774,0.00907858720250693,0.034722222222222224
ppo(s-raw),1.8359375,0.2996352266805628,0.32658393207054215,0.5100706251634841,1.5755208333333333,4.402926574340214,0.45572916666666663,3.567708333333333,33.65885416666667,5.057186275179655,8.99607786517868,0.0
dqn(m-raw),1.6015624999999998,49.42678478374153,21.645983017635533,0.013078733978550874,0.013020833333333334,0.0,17.5,0.013020833333333334,0.013020833333333334,9.499308375063091,14.231108017223828,0.034722222222222224
dueling-dqn(m-raw),0.013020833333333334,30.21104742053152,0.03919007184846506,0.013078733978550874,68.34635416666667,0.013065064018813691,0.013020833333333334,0.013020833333333334,0.0390625,20.597196340485397,30.692286188729945,97.1875
ppo(m-raw),0.1953125,0.03908285565398645,0.03919007184846506,0.4054407533350771,11.549479166666666,0.5487326887901751,1.3932291666666665,1.3932291666666665,2.7473958333333335,1.9470874838422734,3.069454439478558,0.034722222222222224
dqn(a),0.8203125,25.911933298593016,39.04637491835402,17.43395239340832,29.296875,32.00940684609355,37.05729166666667,42.26562499999999,63.76302083333333,28.993500773007227,15.435446189330234,15.659722222222221
dueling-dqn(a),40.14322916666667,1.1594580510682646,63.592423252775966,51.7002354172116,6.575520833333334,37.993206166710216,46.57552083333333,14.270833333333332,17.747395833333336,27.532637059170835,19.877128750281894,0.034722222222222224
ppo(a),58.9453125,56.43564356435644,55.04898758981058,47.31885953439707,56.848958333333336,61.47112620851842,51.31510416666667,54.20572916666666,57.95572916666667,55.50505002560176,3.775883760637127,42.326388888888886
