,agent1,agent2,agent3,agent4,agent5,agent6,agent7,agent8,agent9,average,std,ensemble
dqn(s-raw),0.034722222222222224,0.034722222222222224,0.034722222222222224,0.034722222222222224,0.034722222222222224,0.034722222222222224,0.0,0.0,0.0,0.02343786871348906,0.014761000287776578,0.034722222222222224
dueling-dqn(s-raw),0.034722222222222224,0.034722222222222224,0.034722222222222224,0.034722222222222224,0.034722222222222224,0.034722222222222224,0.034722222222222224,100.0,0.034722222222222224,11.64754977856225,27.810546246698234,0.034722222222222224
ppo(s-raw),0.798611111111111,0.10416666666666667,0.8680555555555556,1.8402777777777775,1.7708333333333333,11.145833333333332,2.8124999999999996,10.104166666666666,34.6875,6.677209802903495,9.317358428990625,0.0
dqn(m-raw),0.034722222222222224,100.0,0.034722222222222224,0.034722222222222224,0.034722222222222224,0.034722222222222224,0.1736111111111111,0.034722222222222224,0.034722222222222224,11.65973305741034,27.805495210436167,0.034722222222222224
dueling-dqn(m-raw),0.034722222222222224,0.034722222222222224,0.034722222222222224,93.54166666666667,97.1875,0.034722222222222224,0.034722222222222224,0.034722222222222224,0.034722222222222224,29.856324207365038,40.2662588189332,97.1875
ppo(m-raw),0.034722222222222224,0.034722222222222224,0.1736111111111111,2.465277777777778,19.270833333333332,8.715277777777777,16.07638888888889,11.145833333333332,9.20138888888889,6.674325215385031,6.25844785855616,0.034722222222222224
dqn(a),0.3819444444444444,11.70138888888889,42.291666666666664,31.006944444444446,60.31249999999999,32.46527777777778,7.256944444444444,49.0625,68.85416666666666,30.872815962711428,20.35318087685605,15.659722222222221
dueling-dqn(a),39.270833333333336,0.034722222222222224,29.479166666666668,0.034722222222222224,5.9375,0.034722222222222224,31.38888888888889,55.31250000000001,45.38194444444444,20.781485693755773,18.865613531819637,0.034722222222222224
ppo(a),58.33333333333333,55.069444444444436,56.21527777777777,55.03472222222223,63.40277777777777,50.416666666666664,58.09027777777778,39.479166666666664,56.423611111111114,54.71836419753087,5.966293173759882,42.326388888888886
