,agent1,agent2,agent3,agent4,agent5,agent6,agent7,agent8,agent9,average,std,ensemble
dqn(s-raw),0.034722222222222224,0.034722222222222224,0.034722222222222224,0.034722222222222224,0.034722222222222224,0.034722222222222224,0.034722222222222224,0.0,0.0,0.02999861230592522,0.017484735487640374,0.06944444444444445
dueling-dqn(s-raw),0.034722222222222224,0.034722222222222224,0.034722222222222224,0.034722222222222224,0.034722222222222224,0.034722222222222224,0.034722222222222224,50.0,0.034722222222222224,5.840501562687575,13.898294309793657,0.06944444444444445
ppo(s-raw),0.3819444444444444,0.10416666666666667,0.5902777777777778,1.0069444444444444,1.3541666666666667,4.618055555555555,1.6319444444444442,4.375,16.90972222222222,3.220661728512521,4.455054418841142,0.0
dqn(m-raw),0.034722222222222224,50.0,0.034722222222222224,0.034722222222222224,0.034722222222222224,0.034722222222222224,0.034722222222222224,0.034722222222222224,0.034722222222222224,5.840509680097518,13.898294587123708,0.06944444444444445
dueling-dqn(m-raw),0.034722222222222224,0.034722222222222224,0.034722222222222224,49.166666666666664,49.6875,0.034722222222222224,0.034722222222222224,0.034722222222222224,0.034722222222222224,20.78412512260444,30.16519270703821,99.375
ppo(m-raw),0.06944444444444445,0.06944444444444445,0.06944444444444445,2.1527777777777777,18.819444444444443,7.152777777777778,14.097222222222221,7.986111111111111,9.930555555555557,6.021832296239339,5.817654869353619,0.06944444444444445
dqn(a),0.034722222222222224,7.534722222222223,18.4375,22.881944444444443,42.88194444444444,14.548611111111109,4.201388888888889,22.812500000000004,31.07638888888889,18.463312085590903,11.53097302727097,27.152777777777775
dueling-dqn(a),19.82638888888889,0.034722222222222224,13.506944444444446,0.034722222222222224,5.659722222222222,0.034722222222222224,15.868055555555555,22.673611111111114,24.444444444444443,10.209375961682902,8.797625570465911,0.06944444444444445
ppo(a),59.791666666666664,54.37499999999999,55.76388888888889,55.486111111111114,62.01388888888889,53.05555555555556,58.611111111111114,39.09722222222222,56.875,55.00771604938271,5.887270843981769,39.65277777777778
